sample_idx,image_path,mask_path,case_id,split,dataset,modality
0,/kaggle/input/datasets/abdallahwagih/kvasir-dataset-for-classification-and-segmentation/kvasir-seg/Kvasir-SEG/images/cju0s2a9ekvms080138tjjpxr.jpg,/kaggle/input/datasets/abdallahwagih/kvasir-dataset-for-classification-and-segmentation/kvasir-seg/Kvasir-SEG/masks/cju0s2a9ekvms080138tjjpxr.jpg,cju0s2a9ekvms080138tjjpxr,test,Kvasir-SEG,endoscopic polyp
1,/kaggle/input/datasets/abdallahwagih/kvasir-dataset-for-classification-and-segmentation/kvasir-seg/Kvasir-SEG/images/cju0sxqiclckk08551ycbwhno.jpg,/kaggle/input/datasets/abdallahwagih/kvasir-dataset-for-classification-and-segmentation/kvasir-seg/Kvasir-SEG/masks/cju0sxqiclckk08551ycbwhno.jpg,cju0sxqiclckk08551ycbwhno,test,Kvasir-SEG,endoscopic polyp
2,/kaggle/input/datasets/abdallahwagih/kvasir-dataset-for-classification-and-segmentation/kvasir-seg/Kvasir-SEG/images/cju13fwthn9mq0835gacxgy01.jpg,/kaggle/input/datasets/abdallahwagih/kvasir-dataset-for-classification-and-segmentation/kvasir-seg/Kvasir-SEG/masks/cju13fwthn9mq0835gacxgy01.jpg,cju13fwthn9mq0835gacxgy01,test,Kvasir-SEG,endoscopic polyp
3,/kaggle/input/datasets/abdallahwagih/kvasir-dataset-for-classification-and-segmentation/kvasir-seg/Kvasir-SEG/images/cju14hjh2ob2o0835ouz3r5aa.jpg,/kaggle/input/datasets/abdallahwagih/kvasir-dataset-for-classification-and-segmentation/kvasir-seg/Kvasir-SEG/masks/cju14hjh2ob2o0835ouz3r5aa.jpg,cju14hjh2ob2o0835ouz3r5aa,test,Kvasir-SEG,endoscopic polyp
4,/kaggle/input/datasets/abdallahwagih/kvasir-dataset-for-classification-and-segmentation/kvasir-seg/Kvasir-SEG/images/cju15l5ubz9yh0855b3ivdpse.jpg,/kaggle/input/datasets/abdallahwagih/kvasir-dataset-for-classification-and-segmentation/kvasir-seg/Kvasir-SEG/masks/cju15l5ubz9yh0855b3ivdpse.jpg,cju15l5ubz9yh0855b3ivdpse,test,Kvasir-SEG,endoscopic polyp
5,/kaggle/input/datasets/abdallahwagih/kvasir-dataset-for-classification-and-segmentation/kvasir-seg/Kvasir-SEG/images/cju15wdt3zla10801odjiw7sy.jpg,/kaggle/input/datasets/abdallahwagih/kvasir-dataset-for-classification-and-segmentation/kvasir-seg/Kvasir-SEG/masks/cju15wdt3zla10801odjiw7sy.jpg,cju15wdt3zla10801odjiw7sy,test,Kvasir-SEG,endoscopic polyp
6,/kaggle/input/datasets/abdallahwagih/kvasir-dataset-for-classification-and-segmentation/kvasir-seg/Kvasir-SEG/images/cju16ach3m1da0993r1dq3sn2.jpg,/kaggle/input/datasets/abdallahwagih/kvasir-dataset-for-classification-and-segmentation/kvasir-seg/Kvasir-SEG/masks/cju16ach3m1da0993r1dq3sn2.jpg,cju16ach3m1da0993r1dq3sn2,test,Kvasir-SEG,endoscopic polyp
7,/kaggle/input/datasets/abdallahwagih/kvasir-dataset-for-classification-and-segmentation/kvasir-seg/Kvasir-SEG/images/cju17g6ykn1cs0993dww6qdi8.jpg,/kaggle/input/datasets/abdallahwagih/kvasir-dataset-for-classification-and-segmentation/kvasir-seg/Kvasir-SEG/masks/cju17g6ykn1cs0993dww6qdi8.jpg,cju17g6ykn1cs0993dww6qdi8,test,Kvasir-SEG,endoscopic polyp
8,/kaggle/input/datasets/abdallahwagih/kvasir-dataset-for-classification-and-segmentation/kvasir-seg/Kvasir-SEG/images/cju17v6ih0u7808783zcbg1jy.jpg,/kaggle/input/datasets/abdallahwagih/kvasir-dataset-for-classification-and-segmentation/kvasir-seg/Kvasir-SEG/masks/cju17v6ih0u7808783zcbg1jy.jpg,cju17v6ih0u7808783zcbg1jy,test,Kvasir-SEG,endoscopic polyp
9,/kaggle/input/datasets/abdallahwagih/kvasir-dataset-for-classification-and-segmentation/kvasir-seg/Kvasir-SEG/images/cju17z0qongpa0993de4boim4.jpg,/kaggle/input/datasets/abdallahwagih/kvasir-dataset-for-classification-and-segmentation/kvasir-seg/Kvasir-SEG/masks/cju17z0qongpa0993de4boim4.jpg,cju17z0qongpa0993de4boim4,test,Kvasir-SEG,endoscopic polyp
10,/kaggle/input/datasets/abdallahwagih/kvasir-dataset-for-classification-and-segmentation/kvasir-seg/Kvasir-SEG/images/cju18kevfrojc0835bn90f1in.jpg,/kaggle/input/datasets/abdallahwagih/kvasir-dataset-for-classification-and-segmentation/kvasir-seg/Kvasir-SEG/masks/cju18kevfrojc0835bn90f1in.jpg,cju18kevfrojc0835bn90f1in,test,Kvasir-SEG,endoscopic polyp
11,/kaggle/input/datasets/abdallahwagih/kvasir-dataset-for-classification-and-segmentation/kvasir-seg/Kvasir-SEG/images/cju1alwgo30z60855fm3y23sm.jpg,/kaggle/input/datasets/abdallahwagih/kvasir-dataset-for-classification-and-segmentation/kvasir-seg/Kvasir-SEG/masks/cju1alwgo30z60855fm3y23sm.jpg,cju1alwgo30z60855fm3y23sm,test,Kvasir-SEG,endoscopic polyp
12,/kaggle/input/datasets/abdallahwagih/kvasir-dataset-for-classification-and-segmentation/kvasir-seg/Kvasir-SEG/images/cju1amqw6p8pw0993d9gc5crl.jpg,/kaggle/input/datasets/abdallahwagih/kvasir-dataset-for-classification-and-segmentation/kvasir-seg/Kvasir-SEG/masks/cju1amqw6p8pw0993d9gc5crl.jpg,cju1amqw6p8pw0993d9gc5crl,test,Kvasir-SEG,endoscopic polyp
13,/kaggle/input/datasets/abdallahwagih/kvasir-dataset-for-classification-and-segmentation/kvasir-seg/Kvasir-SEG/images/cju1b0y2e396p08558ois175d.jpg,/kaggle/input/datasets/abdallahwagih/kvasir-dataset-for-classification-and-segmentation/kvasir-seg/Kvasir-SEG/masks/cju1b0y2e396p08558ois175d.jpg,cju1b0y2e396p08558ois175d,test,Kvasir-SEG,endoscopic polyp
14,/kaggle/input/datasets/abdallahwagih/kvasir-dataset-for-classification-and-segmentation/kvasir-seg/Kvasir-SEG/images/cju1b75x63ddl0799sdp0i2j3.jpg,/kaggle/input/datasets/abdallahwagih/kvasir-dataset-for-classification-and-segmentation/kvasir-seg/Kvasir-SEG/masks/cju1b75x63ddl0799sdp0i2j3.jpg,cju1b75x63ddl0799sdp0i2j3,test,Kvasir-SEG,endoscopic polyp
15,/kaggle/input/datasets/abdallahwagih/kvasir-dataset-for-classification-and-segmentation/kvasir-seg/Kvasir-SEG/images/cju1c4fcu40hl07992b8gj0c8.jpg,/kaggle/input/datasets/abdallahwagih/kvasir-dataset-for-classification-and-segmentation/kvasir-seg/Kvasir-SEG/masks/cju1c4fcu40hl07992b8gj0c8.jpg,cju1c4fcu40hl07992b8gj0c8,test,Kvasir-SEG,endoscopic polyp
16,/kaggle/input/datasets/abdallahwagih/kvasir-dataset-for-classification-and-segmentation/kvasir-seg/Kvasir-SEG/images/cju1c8ffau5770835g0g343o8.jpg,/kaggle/input/datasets/abdallahwagih/kvasir-dataset-for-classification-and-segmentation/kvasir-seg/Kvasir-SEG/masks/cju1c8ffau5770835g0g343o8.jpg,cju1c8ffau5770835g0g343o8,test,Kvasir-SEG,endoscopic polyp
17,/kaggle/input/datasets/abdallahwagih/kvasir-dataset-for-classification-and-segmentation/kvasir-seg/Kvasir-SEG/images/cju1cyjb5qtie0993njqne9m3.jpg,/kaggle/input/datasets/abdallahwagih/kvasir-dataset-for-classification-and-segmentation/kvasir-seg/Kvasir-SEG/masks/cju1cyjb5qtie0993njqne9m3.jpg,cju1cyjb5qtie0993njqne9m3,test,Kvasir-SEG,endoscopic polyp
18,/kaggle/input/datasets/abdallahwagih/kvasir-dataset-for-classification-and-segmentation/kvasir-seg/Kvasir-SEG/images/cju1dia8hvc6v098827mgffnm.jpg,/kaggle/input/datasets/abdallahwagih/kvasir-dataset-for-classification-and-segmentation/kvasir-seg/Kvasir-SEG/masks/cju1dia8hvc6v098827mgffnm.jpg,cju1dia8hvc6v098827mgffnm,test,Kvasir-SEG,endoscopic polyp
19,/kaggle/input/datasets/abdallahwagih/kvasir-dataset-for-classification-and-segmentation/kvasir-seg/Kvasir-SEG/images/cju1djtprvd7b0988thwwrg09.jpg,/kaggle/input/datasets/abdallahwagih/kvasir-dataset-for-classification-and-segmentation/kvasir-seg/Kvasir-SEG/masks/cju1djtprvd7b0988thwwrg09.jpg,cju1djtprvd7b0988thwwrg09,test,Kvasir-SEG,endoscopic polyp
20,/kaggle/input/datasets/abdallahwagih/kvasir-dataset-for-classification-and-segmentation/kvasir-seg/Kvasir-SEG/images/cju1ewnoh5z030855vpex9uzt.jpg,/kaggle/input/datasets/abdallahwagih/kvasir-dataset-for-classification-and-segmentation/kvasir-seg/Kvasir-SEG/masks/cju1ewnoh5z030855vpex9uzt.jpg,cju1ewnoh5z030855vpex9uzt,test,Kvasir-SEG,endoscopic polyp
21,/kaggle/input/datasets/abdallahwagih/kvasir-dataset-for-classification-and-segmentation/kvasir-seg/Kvasir-SEG/images/cju1ftaji6isw0855108yqcse.jpg,/kaggle/input/datasets/abdallahwagih/kvasir-dataset-for-classification-and-segmentation/kvasir-seg/Kvasir-SEG/masks/cju1ftaji6isw0855108yqcse.jpg,cju1ftaji6isw0855108yqcse,test,Kvasir-SEG,endoscopic polyp
22,/kaggle/input/datasets/abdallahwagih/kvasir-dataset-for-classification-and-segmentation/kvasir-seg/Kvasir-SEG/images/cju1haab178i70799tk9z8y8x.jpg,/kaggle/input/datasets/abdallahwagih/kvasir-dataset-for-classification-and-segmentation/kvasir-seg/Kvasir-SEG/masks/cju1haab178i70799tk9z8y8x.jpg,cju1haab178i70799tk9z8y8x,test,Kvasir-SEG,endoscopic polyp
23,/kaggle/input/datasets/abdallahwagih/kvasir-dataset-for-classification-and-segmentation/kvasir-seg/Kvasir-SEG/images/cju2hjrqcvi2j0801bx1i6gxg.jpg,/kaggle/input/datasets/abdallahwagih/kvasir-dataset-for-classification-and-segmentation/kvasir-seg/Kvasir-SEG/masks/cju2hjrqcvi2j0801bx1i6gxg.jpg,cju2hjrqcvi2j0801bx1i6gxg,test,Kvasir-SEG,endoscopic polyp
24,/kaggle/input/datasets/abdallahwagih/kvasir-dataset-for-classification-and-segmentation/kvasir-seg/Kvasir-SEG/images/cju2hugv9vget0799hhk7ksvg.jpg,/kaggle/input/datasets/abdallahwagih/kvasir-dataset-for-classification-and-segmentation/kvasir-seg/Kvasir-SEG/masks/cju2hugv9vget0799hhk7ksvg.jpg,cju2hugv9vget0799hhk7ksvg,test,Kvasir-SEG,endoscopic polyp
25,/kaggle/input/datasets/abdallahwagih/kvasir-dataset-for-classification-and-segmentation/kvasir-seg/Kvasir-SEG/images/cju2hw5gjlr5h0988so2qqres.jpg,/kaggle/input/datasets/abdallahwagih/kvasir-dataset-for-classification-and-segmentation/kvasir-seg/Kvasir-SEG/masks/cju2hw5gjlr5h0988so2qqres.jpg,cju2hw5gjlr5h0988so2qqres,test,Kvasir-SEG,endoscopic polyp
26,/kaggle/input/datasets/abdallahwagih/kvasir-dataset-for-classification-and-segmentation/kvasir-seg/Kvasir-SEG/images/cju2m56cryvqd0801gtn2yp8t.jpg,/kaggle/input/datasets/abdallahwagih/kvasir-dataset-for-classification-and-segmentation/kvasir-seg/Kvasir-SEG/masks/cju2m56cryvqd0801gtn2yp8t.jpg,cju2m56cryvqd0801gtn2yp8t,test,Kvasir-SEG,endoscopic polyp
27,/kaggle/input/datasets/abdallahwagih/kvasir-dataset-for-classification-and-segmentation/kvasir-seg/Kvasir-SEG/images/cju2mfjndoz700988b9lc3zeq.jpg,/kaggle/input/datasets/abdallahwagih/kvasir-dataset-for-classification-and-segmentation/kvasir-seg/Kvasir-SEG/masks/cju2mfjndoz700988b9lc3zeq.jpg,cju2mfjndoz700988b9lc3zeq,test,Kvasir-SEG,endoscopic polyp
28,/kaggle/input/datasets/abdallahwagih/kvasir-dataset-for-classification-and-segmentation/kvasir-seg/Kvasir-SEG/images/cju2nd7l7z98o0799gfjvyfmw.jpg,/kaggle/input/datasets/abdallahwagih/kvasir-dataset-for-classification-and-segmentation/kvasir-seg/Kvasir-SEG/masks/cju2nd7l7z98o0799gfjvyfmw.jpg,cju2nd7l7z98o0799gfjvyfmw,test,Kvasir-SEG,endoscopic polyp
29,/kaggle/input/datasets/abdallahwagih/kvasir-dataset-for-classification-and-segmentation/kvasir-seg/Kvasir-SEG/images/cju2nsmwjlzyl0993jl80chvz.jpg,/kaggle/input/datasets/abdallahwagih/kvasir-dataset-for-classification-and-segmentation/kvasir-seg/Kvasir-SEG/masks/cju2nsmwjlzyl0993jl80chvz.jpg,cju2nsmwjlzyl0993jl80chvz,test,Kvasir-SEG,endoscopic polyp
30,/kaggle/input/datasets/abdallahwagih/kvasir-dataset-for-classification-and-segmentation/kvasir-seg/Kvasir-SEG/images/cju2oi8sq0i2y0801mektzvw8.jpg,/kaggle/input/datasets/abdallahwagih/kvasir-dataset-for-classification-and-segmentation/kvasir-seg/Kvasir-SEG/masks/cju2oi8sq0i2y0801mektzvw8.jpg,cju2oi8sq0i2y0801mektzvw8,test,Kvasir-SEG,endoscopic polyp
31,/kaggle/input/datasets/abdallahwagih/kvasir-dataset-for-classification-and-segmentation/kvasir-seg/Kvasir-SEG/images/cju2qfie4rvz508357kad9z5o.jpg,/kaggle/input/datasets/abdallahwagih/kvasir-dataset-for-classification-and-segmentation/kvasir-seg/Kvasir-SEG/masks/cju2qfie4rvz508357kad9z5o.jpg,cju2qfie4rvz508357kad9z5o,test,Kvasir-SEG,endoscopic polyp
32,/kaggle/input/datasets/abdallahwagih/kvasir-dataset-for-classification-and-segmentation/kvasir-seg/Kvasir-SEG/images/cju2qozsk20cq0855ugrg3cri.jpg,/kaggle/input/datasets/abdallahwagih/kvasir-dataset-for-classification-and-segmentation/kvasir-seg/Kvasir-SEG/masks/cju2qozsk20cq0855ugrg3cri.jpg,cju2qozsk20cq0855ugrg3cri,test,Kvasir-SEG,endoscopic polyp
33,/kaggle/input/datasets/abdallahwagih/kvasir-dataset-for-classification-and-segmentation/kvasir-seg/Kvasir-SEG/images/cju2ricdv2iys0878sv1adh0u.jpg,/kaggle/input/datasets/abdallahwagih/kvasir-dataset-for-classification-and-segmentation/kvasir-seg/Kvasir-SEG/masks/cju2ricdv2iys0878sv1adh0u.jpg,cju2ricdv2iys0878sv1adh0u,test,Kvasir-SEG,endoscopic polyp
34,/kaggle/input/datasets/abdallahwagih/kvasir-dataset-for-classification-and-segmentation/kvasir-seg/Kvasir-SEG/images/cju2rmd2rsw9g09888hh1efu0.jpg,/kaggle/input/datasets/abdallahwagih/kvasir-dataset-for-classification-and-segmentation/kvasir-seg/Kvasir-SEG/masks/cju2rmd2rsw9g09888hh1efu0.jpg,cju2rmd2rsw9g09888hh1efu0,test,Kvasir-SEG,endoscopic polyp
35,/kaggle/input/datasets/abdallahwagih/kvasir-dataset-for-classification-and-segmentation/kvasir-seg/Kvasir-SEG/images/cju2rnkt22xep0801as160g9t.jpg,/kaggle/input/datasets/abdallahwagih/kvasir-dataset-for-classification-and-segmentation/kvasir-seg/Kvasir-SEG/masks/cju2rnkt22xep0801as160g9t.jpg,cju2rnkt22xep0801as160g9t,test,Kvasir-SEG,endoscopic polyp
36,/kaggle/input/datasets/abdallahwagih/kvasir-dataset-for-classification-and-segmentation/kvasir-seg/Kvasir-SEG/images/cju2rpa30t07b0835im0erql0.jpg,/kaggle/input/datasets/abdallahwagih/kvasir-dataset-for-classification-and-segmentation/kvasir-seg/Kvasir-SEG/masks/cju2rpa30t07b0835im0erql0.jpg,cju2rpa30t07b0835im0erql0,test,Kvasir-SEG,endoscopic polyp
37,/kaggle/input/datasets/abdallahwagih/kvasir-dataset-for-classification-and-segmentation/kvasir-seg/Kvasir-SEG/images/cju2rxm8rpbaf0993o3qr2oph.jpg,/kaggle/input/datasets/abdallahwagih/kvasir-dataset-for-classification-and-segmentation/kvasir-seg/Kvasir-SEG/masks/cju2rxm8rpbaf0993o3qr2oph.jpg,cju2rxm8rpbaf0993o3qr2oph,test,Kvasir-SEG,endoscopic polyp
38,/kaggle/input/datasets/abdallahwagih/kvasir-dataset-for-classification-and-segmentation/kvasir-seg/Kvasir-SEG/images/cju2rz4k434s70855wwx3ddtx.jpg,/kaggle/input/datasets/abdallahwagih/kvasir-dataset-for-classification-and-segmentation/kvasir-seg/Kvasir-SEG/masks/cju2rz4k434s70855wwx3ddtx.jpg,cju2rz4k434s70855wwx3ddtx,test,Kvasir-SEG,endoscopic polyp
39,/kaggle/input/datasets/abdallahwagih/kvasir-dataset-for-classification-and-segmentation/kvasir-seg/Kvasir-SEG/images/cju2s9g11pnra0993gn4eh793.jpg,/kaggle/input/datasets/abdallahwagih/kvasir-dataset-for-classification-and-segmentation/kvasir-seg/Kvasir-SEG/masks/cju2s9g11pnra0993gn4eh793.jpg,cju2s9g11pnra0993gn4eh793,test,Kvasir-SEG,endoscopic polyp
40,/kaggle/input/datasets/abdallahwagih/kvasir-dataset-for-classification-and-segmentation/kvasir-seg/Kvasir-SEG/images/cju2sszfq3uye0878sucelzk2.jpg,/kaggle/input/datasets/abdallahwagih/kvasir-dataset-for-classification-and-segmentation/kvasir-seg/Kvasir-SEG/masks/cju2sszfq3uye0878sucelzk2.jpg,cju2sszfq3uye0878sucelzk2,test,Kvasir-SEG,endoscopic polyp
41,/kaggle/input/datasets/abdallahwagih/kvasir-dataset-for-classification-and-segmentation/kvasir-seg/Kvasir-SEG/images/cju2t16vuucaq0835xcpsivn2.jpg,/kaggle/input/datasets/abdallahwagih/kvasir-dataset-for-classification-and-segmentation/kvasir-seg/Kvasir-SEG/masks/cju2t16vuucaq0835xcpsivn2.jpg,cju2t16vuucaq0835xcpsivn2,test,Kvasir-SEG,endoscopic polyp
42,/kaggle/input/datasets/abdallahwagih/kvasir-dataset-for-classification-and-segmentation/kvasir-seg/Kvasir-SEG/images/cju2u4pymvc720988wsxrmi84.jpg,/kaggle/input/datasets/abdallahwagih/kvasir-dataset-for-classification-and-segmentation/kvasir-seg/Kvasir-SEG/masks/cju2u4pymvc720988wsxrmi84.jpg,cju2u4pymvc720988wsxrmi84,test,Kvasir-SEG,endoscopic polyp
43,/kaggle/input/datasets/abdallahwagih/kvasir-dataset-for-classification-and-segmentation/kvasir-seg/Kvasir-SEG/images/cju2uokeg5jm20799xwgsyz89.jpg,/kaggle/input/datasets/abdallahwagih/kvasir-dataset-for-classification-and-segmentation/kvasir-seg/Kvasir-SEG/masks/cju2uokeg5jm20799xwgsyz89.jpg,cju2uokeg5jm20799xwgsyz89,test,Kvasir-SEG,endoscopic polyp
44,/kaggle/input/datasets/abdallahwagih/kvasir-dataset-for-classification-and-segmentation/kvasir-seg/Kvasir-SEG/images/cju2xd75m82720801q4s4ik3n.jpg,/kaggle/input/datasets/abdallahwagih/kvasir-dataset-for-classification-and-segmentation/kvasir-seg/Kvasir-SEG/masks/cju2xd75m82720801q4s4ik3n.jpg,cju2xd75m82720801q4s4ik3n,test,Kvasir-SEG,endoscopic polyp
45,/kaggle/input/datasets/abdallahwagih/kvasir-dataset-for-classification-and-segmentation/kvasir-seg/Kvasir-SEG/images/cju2xjz2ju8pe0993ysv9wg17.jpg,/kaggle/input/datasets/abdallahwagih/kvasir-dataset-for-classification-and-segmentation/kvasir-seg/Kvasir-SEG/masks/cju2xjz2ju8pe0993ysv9wg17.jpg,cju2xjz2ju8pe0993ysv9wg17,test,Kvasir-SEG,endoscopic polyp
46,/kaggle/input/datasets/abdallahwagih/kvasir-dataset-for-classification-and-segmentation/kvasir-seg/Kvasir-SEG/images/cju2y0z6g87p10878fpk5d3rq.jpg,/kaggle/input/datasets/abdallahwagih/kvasir-dataset-for-classification-and-segmentation/kvasir-seg/Kvasir-SEG/masks/cju2y0z6g87p10878fpk5d3rq.jpg,cju2y0z6g87p10878fpk5d3rq,test,Kvasir-SEG,endoscopic polyp
47,/kaggle/input/datasets/abdallahwagih/kvasir-dataset-for-classification-and-segmentation/kvasir-seg/Kvasir-SEG/images/cju2y26c588bo07993ksd8eoz.jpg,/kaggle/input/datasets/abdallahwagih/kvasir-dataset-for-classification-and-segmentation/kvasir-seg/Kvasir-SEG/masks/cju2y26c588bo07993ksd8eoz.jpg,cju2y26c588bo07993ksd8eoz,test,Kvasir-SEG,endoscopic polyp
48,/kaggle/input/datasets/abdallahwagih/kvasir-dataset-for-classification-and-segmentation/kvasir-seg/Kvasir-SEG/images/cju2y40d8ulqo0993q0adtgtb.jpg,/kaggle/input/datasets/abdallahwagih/kvasir-dataset-for-classification-and-segmentation/kvasir-seg/Kvasir-SEG/masks/cju2y40d8ulqo0993q0adtgtb.jpg,cju2y40d8ulqo0993q0adtgtb,test,Kvasir-SEG,endoscopic polyp
49,/kaggle/input/datasets/abdallahwagih/kvasir-dataset-for-classification-and-segmentation/kvasir-seg/Kvasir-SEG/images/cju2yi9tz8vky0801yqip0xyl.jpg,/kaggle/input/datasets/abdallahwagih/kvasir-dataset-for-classification-and-segmentation/kvasir-seg/Kvasir-SEG/masks/cju2yi9tz8vky0801yqip0xyl.jpg,cju2yi9tz8vky0801yqip0xyl,test,Kvasir-SEG,endoscopic polyp
50,/kaggle/input/datasets/abdallahwagih/kvasir-dataset-for-classification-and-segmentation/kvasir-seg/Kvasir-SEG/images/cju2yljr0yzhw0988ecf271ly.jpg,/kaggle/input/datasets/abdallahwagih/kvasir-dataset-for-classification-and-segmentation/kvasir-seg/Kvasir-SEG/masks/cju2yljr0yzhw0988ecf271ly.jpg,cju2yljr0yzhw0988ecf271ly,test,Kvasir-SEG,endoscopic polyp
51,/kaggle/input/datasets/abdallahwagih/kvasir-dataset-for-classification-and-segmentation/kvasir-seg/Kvasir-SEG/images/cju2ysg748ru80878sp6j0gm0.jpg,/kaggle/input/datasets/abdallahwagih/kvasir-dataset-for-classification-and-segmentation/kvasir-seg/Kvasir-SEG/masks/cju2ysg748ru80878sp6j0gm0.jpg,cju2ysg748ru80878sp6j0gm0,test,Kvasir-SEG,endoscopic polyp
52,/kaggle/input/datasets/abdallahwagih/kvasir-dataset-for-classification-and-segmentation/kvasir-seg/Kvasir-SEG/images/cju2z6ez69g4u0801qwt088lw.jpg,/kaggle/input/datasets/abdallahwagih/kvasir-dataset-for-classification-and-segmentation/kvasir-seg/Kvasir-SEG/masks/cju2z6ez69g4u0801qwt088lw.jpg,cju2z6ez69g4u0801qwt088lw,test,Kvasir-SEG,endoscopic polyp
53,/kaggle/input/datasets/abdallahwagih/kvasir-dataset-for-classification-and-segmentation/kvasir-seg/Kvasir-SEG/images/cju2zdhsczmn50988z64qwg2q.jpg,/kaggle/input/datasets/abdallahwagih/kvasir-dataset-for-classification-and-segmentation/kvasir-seg/Kvasir-SEG/masks/cju2zdhsczmn50988z64qwg2q.jpg,cju2zdhsczmn50988z64qwg2q,test,Kvasir-SEG,endoscopic polyp
54,/kaggle/input/datasets/abdallahwagih/kvasir-dataset-for-classification-and-segmentation/kvasir-seg/Kvasir-SEG/images/cju2zdvjn9h7r08553cp4eed5.jpg,/kaggle/input/datasets/abdallahwagih/kvasir-dataset-for-classification-and-segmentation/kvasir-seg/Kvasir-SEG/masks/cju2zdvjn9h7r08553cp4eed5.jpg,cju2zdvjn9h7r08553cp4eed5,test,Kvasir-SEG,endoscopic polyp
55,/kaggle/input/datasets/abdallahwagih/kvasir-dataset-for-classification-and-segmentation/kvasir-seg/Kvasir-SEG/images/cju2zgbj9zmrw0835nnlzxj4c.jpg,/kaggle/input/datasets/abdallahwagih/kvasir-dataset-for-classification-and-segmentation/kvasir-seg/Kvasir-SEG/masks/cju2zgbj9zmrw0835nnlzxj4c.jpg,cju2zgbj9zmrw0835nnlzxj4c,test,Kvasir-SEG,endoscopic polyp
56,/kaggle/input/datasets/abdallahwagih/kvasir-dataset-for-classification-and-segmentation/kvasir-seg/Kvasir-SEG/images/cju2zkpdl9h7t0799ix60teqg.jpg,/kaggle/input/datasets/abdallahwagih/kvasir-dataset-for-classification-and-segmentation/kvasir-seg/Kvasir-SEG/masks/cju2zkpdl9h7t0799ix60teqg.jpg,cju2zkpdl9h7t0799ix60teqg,test,Kvasir-SEG,endoscopic polyp
57,/kaggle/input/datasets/abdallahwagih/kvasir-dataset-for-classification-and-segmentation/kvasir-seg/Kvasir-SEG/images/cju2zo0fwzv580988qlijd2xa.jpg,/kaggle/input/datasets/abdallahwagih/kvasir-dataset-for-classification-and-segmentation/kvasir-seg/Kvasir-SEG/masks/cju2zo0fwzv580988qlijd2xa.jpg,cju2zo0fwzv580988qlijd2xa,test,Kvasir-SEG,endoscopic polyp
58,/kaggle/input/datasets/abdallahwagih/kvasir-dataset-for-classification-and-segmentation/kvasir-seg/Kvasir-SEG/images/cju2zrojo9kcd0878ld2epejq.jpg,/kaggle/input/datasets/abdallahwagih/kvasir-dataset-for-classification-and-segmentation/kvasir-seg/Kvasir-SEG/masks/cju2zrojo9kcd0878ld2epejq.jpg,cju2zrojo9kcd0878ld2epejq,test,Kvasir-SEG,endoscopic polyp
59,/kaggle/input/datasets/abdallahwagih/kvasir-dataset-for-classification-and-segmentation/kvasir-seg/Kvasir-SEG/images/cju320gyvbch60801v2amdi2g.jpg,/kaggle/input/datasets/abdallahwagih/kvasir-dataset-for-classification-and-segmentation/kvasir-seg/Kvasir-SEG/masks/cju320gyvbch60801v2amdi2g.jpg,cju320gyvbch60801v2amdi2g,test,Kvasir-SEG,endoscopic polyp
60,/kaggle/input/datasets/abdallahwagih/kvasir-dataset-for-classification-and-segmentation/kvasir-seg/Kvasir-SEG/images/cju32qr9tbvsj08013pkpjenq.jpg,/kaggle/input/datasets/abdallahwagih/kvasir-dataset-for-classification-and-segmentation/kvasir-seg/Kvasir-SEG/masks/cju32qr9tbvsj08013pkpjenq.jpg,cju32qr9tbvsj08013pkpjenq,test,Kvasir-SEG,endoscopic polyp
61,/kaggle/input/datasets/abdallahwagih/kvasir-dataset-for-classification-and-segmentation/kvasir-seg/Kvasir-SEG/images/cju3381d8bz3h07991xtl7ra0.jpg,/kaggle/input/datasets/abdallahwagih/kvasir-dataset-for-classification-and-segmentation/kvasir-seg/Kvasir-SEG/masks/cju3381d8bz3h07991xtl7ra0.jpg,cju3381d8bz3h07991xtl7ra0,test,Kvasir-SEG,endoscopic polyp
62,/kaggle/input/datasets/abdallahwagih/kvasir-dataset-for-classification-and-segmentation/kvasir-seg/Kvasir-SEG/images/cju33jon3ygbj0993pu22a4k6.jpg,/kaggle/input/datasets/abdallahwagih/kvasir-dataset-for-classification-and-segmentation/kvasir-seg/Kvasir-SEG/masks/cju33jon3ygbj0993pu22a4k6.jpg,cju33jon3ygbj0993pu22a4k6,test,Kvasir-SEG,endoscopic polyp
63,/kaggle/input/datasets/abdallahwagih/kvasir-dataset-for-classification-and-segmentation/kvasir-seg/Kvasir-SEG/images/cju33qpdvc9g0087825jhf3s9.jpg,/kaggle/input/datasets/abdallahwagih/kvasir-dataset-for-classification-and-segmentation/kvasir-seg/Kvasir-SEG/masks/cju33qpdvc9g0087825jhf3s9.jpg,cju33qpdvc9g0087825jhf3s9,test,Kvasir-SEG,endoscopic polyp
64,/kaggle/input/datasets/abdallahwagih/kvasir-dataset-for-classification-and-segmentation/kvasir-seg/Kvasir-SEG/images/cju34aozyyy830993bn16u32n.jpg,/kaggle/input/datasets/abdallahwagih/kvasir-dataset-for-classification-and-segmentation/kvasir-seg/Kvasir-SEG/masks/cju34aozyyy830993bn16u32n.jpg,cju34aozyyy830993bn16u32n,test,Kvasir-SEG,endoscopic polyp
65,/kaggle/input/datasets/abdallahwagih/kvasir-dataset-for-classification-and-segmentation/kvasir-seg/Kvasir-SEG/images/cju34m7h536wq0988xz7gx79v.jpg,/kaggle/input/datasets/abdallahwagih/kvasir-dataset-for-classification-and-segmentation/kvasir-seg/Kvasir-SEG/masks/cju34m7h536wq0988xz7gx79v.jpg,cju34m7h536wq0988xz7gx79v,test,Kvasir-SEG,endoscopic polyp
66,/kaggle/input/datasets/abdallahwagih/kvasir-dataset-for-classification-and-segmentation/kvasir-seg/Kvasir-SEG/images/cju34ymm8d6700799uop0cw33.jpg,/kaggle/input/datasets/abdallahwagih/kvasir-dataset-for-classification-and-segmentation/kvasir-seg/Kvasir-SEG/masks/cju34ymm8d6700799uop0cw33.jpg,cju34ymm8d6700799uop0cw33,test,Kvasir-SEG,endoscopic polyp
67,/kaggle/input/datasets/abdallahwagih/kvasir-dataset-for-classification-and-segmentation/kvasir-seg/Kvasir-SEG/images/cju358pwtdby20878cg7nm0np.jpg,/kaggle/input/datasets/abdallahwagih/kvasir-dataset-for-classification-and-segmentation/kvasir-seg/Kvasir-SEG/masks/cju358pwtdby20878cg7nm0np.jpg,cju358pwtdby20878cg7nm0np,test,Kvasir-SEG,endoscopic polyp
68,/kaggle/input/datasets/abdallahwagih/kvasir-dataset-for-classification-and-segmentation/kvasir-seg/Kvasir-SEG/images/cju35a77vdj4n08556jj2lgmc.jpg,/kaggle/input/datasets/abdallahwagih/kvasir-dataset-for-classification-and-segmentation/kvasir-seg/Kvasir-SEG/masks/cju35a77vdj4n08556jj2lgmc.jpg,cju35a77vdj4n08556jj2lgmc,test,Kvasir-SEG,endoscopic polyp
69,/kaggle/input/datasets/abdallahwagih/kvasir-dataset-for-classification-and-segmentation/kvasir-seg/Kvasir-SEG/images/cju3ttznuftyf09875t11850w.jpg,/kaggle/input/datasets/abdallahwagih/kvasir-dataset-for-classification-and-segmentation/kvasir-seg/Kvasir-SEG/masks/cju3ttznuftyf09875t11850w.jpg,cju3ttznuftyf09875t11850w,test,Kvasir-SEG,endoscopic polyp
70,/kaggle/input/datasets/abdallahwagih/kvasir-dataset-for-classification-and-segmentation/kvasir-seg/Kvasir-SEG/images/cju3u1c8tfyqx08503iedc3mx.jpg,/kaggle/input/datasets/abdallahwagih/kvasir-dataset-for-classification-and-segmentation/kvasir-seg/Kvasir-SEG/masks/cju3u1c8tfyqx08503iedc3mx.jpg,cju3u1c8tfyqx08503iedc3mx,test,Kvasir-SEG,endoscopic polyp
71,/kaggle/input/datasets/abdallahwagih/kvasir-dataset-for-classification-and-segmentation/kvasir-seg/Kvasir-SEG/images/cju3u4lxmg59o0755rz42b9en.jpg,/kaggle/input/datasets/abdallahwagih/kvasir-dataset-for-classification-and-segmentation/kvasir-seg/Kvasir-SEG/masks/cju3u4lxmg59o0755rz42b9en.jpg,cju3u4lxmg59o0755rz42b9en,test,Kvasir-SEG,endoscopic polyp
72,/kaggle/input/datasets/abdallahwagih/kvasir-dataset-for-classification-and-segmentation/kvasir-seg/Kvasir-SEG/images/cju3uhb79gcgr0871orbrbi3x.jpg,/kaggle/input/datasets/abdallahwagih/kvasir-dataset-for-classification-and-segmentation/kvasir-seg/Kvasir-SEG/masks/cju3uhb79gcgr0871orbrbi3x.jpg,cju3uhb79gcgr0871orbrbi3x,test,Kvasir-SEG,endoscopic polyp
73,/kaggle/input/datasets/abdallahwagih/kvasir-dataset-for-classification-and-segmentation/kvasir-seg/Kvasir-SEG/images/cju3x4blzieu30850x10uuvbm.jpg,/kaggle/input/datasets/abdallahwagih/kvasir-dataset-for-classification-and-segmentation/kvasir-seg/Kvasir-SEG/masks/cju3x4blzieu30850x10uuvbm.jpg,cju3x4blzieu30850x10uuvbm,test,Kvasir-SEG,endoscopic polyp
74,/kaggle/input/datasets/abdallahwagih/kvasir-dataset-for-classification-and-segmentation/kvasir-seg/Kvasir-SEG/images/cju3xga12iixg0817dijbvjxw.jpg,/kaggle/input/datasets/abdallahwagih/kvasir-dataset-for-classification-and-segmentation/kvasir-seg/Kvasir-SEG/masks/cju3xga12iixg0817dijbvjxw.jpg,cju3xga12iixg0817dijbvjxw,test,Kvasir-SEG,endoscopic polyp
75,/kaggle/input/datasets/abdallahwagih/kvasir-dataset-for-classification-and-segmentation/kvasir-seg/Kvasir-SEG/images/cju3xjqtpikx50817tppy6g84.jpg,/kaggle/input/datasets/abdallahwagih/kvasir-dataset-for-classification-and-segmentation/kvasir-seg/Kvasir-SEG/masks/cju3xjqtpikx50817tppy6g84.jpg,cju3xjqtpikx50817tppy6g84,test,Kvasir-SEG,endoscopic polyp
76,/kaggle/input/datasets/abdallahwagih/kvasir-dataset-for-classification-and-segmentation/kvasir-seg/Kvasir-SEG/images/cju3xtufwiv9c0818djsc4cqd.jpg,/kaggle/input/datasets/abdallahwagih/kvasir-dataset-for-classification-and-segmentation/kvasir-seg/Kvasir-SEG/masks/cju3xtufwiv9c0818djsc4cqd.jpg,cju3xtufwiv9c0818djsc4cqd,test,Kvasir-SEG,endoscopic polyp
77,/kaggle/input/datasets/abdallahwagih/kvasir-dataset-for-classification-and-segmentation/kvasir-seg/Kvasir-SEG/images/cju3yht87j83m08507yk1u1fg.jpg,/kaggle/input/datasets/abdallahwagih/kvasir-dataset-for-classification-and-segmentation/kvasir-seg/Kvasir-SEG/masks/cju3yht87j83m08507yk1u1fg.jpg,cju3yht87j83m08507yk1u1fg,test,Kvasir-SEG,endoscopic polyp
78,/kaggle/input/datasets/abdallahwagih/kvasir-dataset-for-classification-and-segmentation/kvasir-seg/Kvasir-SEG/images/cju41s6nbleqy0755e2mslg0b.jpg,/kaggle/input/datasets/abdallahwagih/kvasir-dataset-for-classification-and-segmentation/kvasir-seg/Kvasir-SEG/masks/cju41s6nbleqy0755e2mslg0b.jpg,cju41s6nbleqy0755e2mslg0b,test,Kvasir-SEG,endoscopic polyp
79,/kaggle/input/datasets/abdallahwagih/kvasir-dataset-for-classification-and-segmentation/kvasir-seg/Kvasir-SEG/images/cju42qet0lsq90871e50xbnuv.jpg,/kaggle/input/datasets/abdallahwagih/kvasir-dataset-for-classification-and-segmentation/kvasir-seg/Kvasir-SEG/masks/cju42qet0lsq90871e50xbnuv.jpg,cju42qet0lsq90871e50xbnuv,test,Kvasir-SEG,endoscopic polyp
80,/kaggle/input/datasets/abdallahwagih/kvasir-dataset-for-classification-and-segmentation/kvasir-seg/Kvasir-SEG/images/cju43h43am1dy08176gwfhmnt.jpg,/kaggle/input/datasets/abdallahwagih/kvasir-dataset-for-classification-and-segmentation/kvasir-seg/Kvasir-SEG/masks/cju43h43am1dy08176gwfhmnt.jpg,cju43h43am1dy08176gwfhmnt,test,Kvasir-SEG,endoscopic polyp
81,/kaggle/input/datasets/abdallahwagih/kvasir-dataset-for-classification-and-segmentation/kvasir-seg/Kvasir-SEG/images/cju43jcqim2cp08172dvjvyui.jpg,/kaggle/input/datasets/abdallahwagih/kvasir-dataset-for-classification-and-segmentation/kvasir-seg/Kvasir-SEG/masks/cju43jcqim2cp08172dvjvyui.jpg,cju43jcqim2cp08172dvjvyui,test,Kvasir-SEG,endoscopic polyp
82,/kaggle/input/datasets/abdallahwagih/kvasir-dataset-for-classification-and-segmentation/kvasir-seg/Kvasir-SEG/images/cju43kj2pm34f0850l28ahpni.jpg,/kaggle/input/datasets/abdallahwagih/kvasir-dataset-for-classification-and-segmentation/kvasir-seg/Kvasir-SEG/masks/cju43kj2pm34f0850l28ahpni.jpg,cju43kj2pm34f0850l28ahpni,test,Kvasir-SEG,endoscopic polyp
83,/kaggle/input/datasets/abdallahwagih/kvasir-dataset-for-classification-and-segmentation/kvasir-seg/Kvasir-SEG/images/cju45jpvfn6c809873pv1i34s.jpg,/kaggle/input/datasets/abdallahwagih/kvasir-dataset-for-classification-and-segmentation/kvasir-seg/Kvasir-SEG/masks/cju45jpvfn6c809873pv1i34s.jpg,cju45jpvfn6c809873pv1i34s,test,Kvasir-SEG,endoscopic polyp
84,/kaggle/input/datasets/abdallahwagih/kvasir-dataset-for-classification-and-segmentation/kvasir-seg/Kvasir-SEG/images/cju5bbtwsa8cl0987wgfsqpao.jpg,/kaggle/input/datasets/abdallahwagih/kvasir-dataset-for-classification-and-segmentation/kvasir-seg/Kvasir-SEG/masks/cju5bbtwsa8cl0987wgfsqpao.jpg,cju5bbtwsa8cl0987wgfsqpao,test,Kvasir-SEG,endoscopic polyp
85,/kaggle/input/datasets/abdallahwagih/kvasir-dataset-for-classification-and-segmentation/kvasir-seg/Kvasir-SEG/images/cju5boicjagt20871b1fotkh4.jpg,/kaggle/input/datasets/abdallahwagih/kvasir-dataset-for-classification-and-segmentation/kvasir-seg/Kvasir-SEG/masks/cju5boicjagt20871b1fotkh4.jpg,cju5boicjagt20871b1fotkh4,test,Kvasir-SEG,endoscopic polyp
86,/kaggle/input/datasets/abdallahwagih/kvasir-dataset-for-classification-and-segmentation/kvasir-seg/Kvasir-SEG/images/cju5buy2bal250818ipl6fqwv.jpg,/kaggle/input/datasets/abdallahwagih/kvasir-dataset-for-classification-and-segmentation/kvasir-seg/Kvasir-SEG/masks/cju5buy2bal250818ipl6fqwv.jpg,cju5buy2bal250818ipl6fqwv,test,Kvasir-SEG,endoscopic polyp
87,/kaggle/input/datasets/abdallahwagih/kvasir-dataset-for-classification-and-segmentation/kvasir-seg/Kvasir-SEG/images/cju5cjh3xattc0817j2vbulzi.jpg,/kaggle/input/datasets/abdallahwagih/kvasir-dataset-for-classification-and-segmentation/kvasir-seg/Kvasir-SEG/masks/cju5cjh3xattc0817j2vbulzi.jpg,cju5cjh3xattc0817j2vbulzi,test,Kvasir-SEG,endoscopic polyp
88,/kaggle/input/datasets/abdallahwagih/kvasir-dataset-for-classification-and-segmentation/kvasir-seg/Kvasir-SEG/images/cju5hl8nee8a40755fm8qjj0o.jpg,/kaggle/input/datasets/abdallahwagih/kvasir-dataset-for-classification-and-segmentation/kvasir-seg/Kvasir-SEG/masks/cju5hl8nee8a40755fm8qjj0o.jpg,cju5hl8nee8a40755fm8qjj0o,test,Kvasir-SEG,endoscopic polyp
89,/kaggle/input/datasets/abdallahwagih/kvasir-dataset-for-classification-and-segmentation/kvasir-seg/Kvasir-SEG/images/cju5huurrecm70801y680y13m.jpg,/kaggle/input/datasets/abdallahwagih/kvasir-dataset-for-classification-and-segmentation/kvasir-seg/Kvasir-SEG/masks/cju5huurrecm70801y680y13m.jpg,cju5huurrecm70801y680y13m,test,Kvasir-SEG,endoscopic polyp
90,/kaggle/input/datasets/abdallahwagih/kvasir-dataset-for-classification-and-segmentation/kvasir-seg/Kvasir-SEG/images/cju5k3j3uf6de0817hszzfr7n.jpg,/kaggle/input/datasets/abdallahwagih/kvasir-dataset-for-classification-and-segmentation/kvasir-seg/Kvasir-SEG/masks/cju5k3j3uf6de0817hszzfr7n.jpg,cju5k3j3uf6de0817hszzfr7n,test,Kvasir-SEG,endoscopic polyp
91,/kaggle/input/datasets/abdallahwagih/kvasir-dataset-for-classification-and-segmentation/kvasir-seg/Kvasir-SEG/images/cju5ktjwofed70817eg58ef7u.jpg,/kaggle/input/datasets/abdallahwagih/kvasir-dataset-for-classification-and-segmentation/kvasir-seg/Kvasir-SEG/masks/cju5ktjwofed70817eg58ef7u.jpg,cju5ktjwofed70817eg58ef7u,test,Kvasir-SEG,endoscopic polyp
92,/kaggle/input/datasets/abdallahwagih/kvasir-dataset-for-classification-and-segmentation/kvasir-seg/Kvasir-SEG/images/cju5nyu31gv8e0871zpk74a2n.jpg,/kaggle/input/datasets/abdallahwagih/kvasir-dataset-for-classification-and-segmentation/kvasir-seg/Kvasir-SEG/masks/cju5nyu31gv8e0871zpk74a2n.jpg,cju5nyu31gv8e0871zpk74a2n,test,Kvasir-SEG,endoscopic polyp
93,/kaggle/input/datasets/abdallahwagih/kvasir-dataset-for-classification-and-segmentation/kvasir-seg/Kvasir-SEG/images/cju5xkwzxmf0z0818gk4xabdm.jpg,/kaggle/input/datasets/abdallahwagih/kvasir-dataset-for-classification-and-segmentation/kvasir-seg/Kvasir-SEG/masks/cju5xkwzxmf0z0818gk4xabdm.jpg,cju5xkwzxmf0z0818gk4xabdm,test,Kvasir-SEG,endoscopic polyp
94,/kaggle/input/datasets/abdallahwagih/kvasir-dataset-for-classification-and-segmentation/kvasir-seg/Kvasir-SEG/images/cju5xneamme2p0801qdf7fdwv.jpg,/kaggle/input/datasets/abdallahwagih/kvasir-dataset-for-classification-and-segmentation/kvasir-seg/Kvasir-SEG/masks/cju5xneamme2p0801qdf7fdwv.jpg,cju5xneamme2p0801qdf7fdwv,test,Kvasir-SEG,endoscopic polyp
95,/kaggle/input/datasets/abdallahwagih/kvasir-dataset-for-classification-and-segmentation/kvasir-seg/Kvasir-SEG/images/cju5xq3tdm9fn0987pbedxdg5.jpg,/kaggle/input/datasets/abdallahwagih/kvasir-dataset-for-classification-and-segmentation/kvasir-seg/Kvasir-SEG/masks/cju5xq3tdm9fn0987pbedxdg5.jpg,cju5xq3tdm9fn0987pbedxdg5,test,Kvasir-SEG,endoscopic polyp
96,/kaggle/input/datasets/abdallahwagih/kvasir-dataset-for-classification-and-segmentation/kvasir-seg/Kvasir-SEG/images/cju5ygh1zmmdi0755uod5e17i.jpg,/kaggle/input/datasets/abdallahwagih/kvasir-dataset-for-classification-and-segmentation/kvasir-seg/Kvasir-SEG/masks/cju5ygh1zmmdi0755uod5e17i.jpg,cju5ygh1zmmdi0755uod5e17i,test,Kvasir-SEG,endoscopic polyp
97,/kaggle/input/datasets/abdallahwagih/kvasir-dataset-for-classification-and-segmentation/kvasir-seg/Kvasir-SEG/images/cju6us80mv1b50871ebyq2wxa.jpg,/kaggle/input/datasets/abdallahwagih/kvasir-dataset-for-classification-and-segmentation/kvasir-seg/Kvasir-SEG/masks/cju6us80mv1b50871ebyq2wxa.jpg,cju6us80mv1b50871ebyq2wxa,test,Kvasir-SEG,endoscopic polyp
98,/kaggle/input/datasets/abdallahwagih/kvasir-dataset-for-classification-and-segmentation/kvasir-seg/Kvasir-SEG/images/cju6vgdmivcvb08018fra5lnv.jpg,/kaggle/input/datasets/abdallahwagih/kvasir-dataset-for-classification-and-segmentation/kvasir-seg/Kvasir-SEG/masks/cju6vgdmivcvb08018fra5lnv.jpg,cju6vgdmivcvb08018fra5lnv,test,Kvasir-SEG,endoscopic polyp
99,/kaggle/input/datasets/abdallahwagih/kvasir-dataset-for-classification-and-segmentation/kvasir-seg/Kvasir-SEG/images/cju6w733bveoz0817e600tw72.jpg,/kaggle/input/datasets/abdallahwagih/kvasir-dataset-for-classification-and-segmentation/kvasir-seg/Kvasir-SEG/masks/cju6w733bveoz0817e600tw72.jpg,cju6w733bveoz0817e600tw72,test,Kvasir-SEG,endoscopic polyp
100,/kaggle/input/datasets/abdallahwagih/kvasir-dataset-for-classification-and-segmentation/kvasir-seg/Kvasir-SEG/images/cju6wll7wvo3y08502pagos8m.jpg,/kaggle/input/datasets/abdallahwagih/kvasir-dataset-for-classification-and-segmentation/kvasir-seg/Kvasir-SEG/masks/cju6wll7wvo3y08502pagos8m.jpg,cju6wll7wvo3y08502pagos8m,test,Kvasir-SEG,endoscopic polyp
101,/kaggle/input/datasets/abdallahwagih/kvasir-dataset-for-classification-and-segmentation/kvasir-seg/Kvasir-SEG/images/cju6wn57mvooj0850rp78hhy7.jpg,/kaggle/input/datasets/abdallahwagih/kvasir-dataset-for-classification-and-segmentation/kvasir-seg/Kvasir-SEG/masks/cju6wn57mvooj0850rp78hhy7.jpg,cju6wn57mvooj0850rp78hhy7,test,Kvasir-SEG,endoscopic polyp
102,/kaggle/input/datasets/abdallahwagih/kvasir-dataset-for-classification-and-segmentation/kvasir-seg/Kvasir-SEG/images/cju6xlygpw7bs0818n691jsq4.jpg,/kaggle/input/datasets/abdallahwagih/kvasir-dataset-for-classification-and-segmentation/kvasir-seg/Kvasir-SEG/masks/cju6xlygpw7bs0818n691jsq4.jpg,cju6xlygpw7bs0818n691jsq4,test,Kvasir-SEG,endoscopic polyp
103,/kaggle/input/datasets/abdallahwagih/kvasir-dataset-for-classification-and-segmentation/kvasir-seg/Kvasir-SEG/images/cju6yxyt0wh080871sqpepu47.jpg,/kaggle/input/datasets/abdallahwagih/kvasir-dataset-for-classification-and-segmentation/kvasir-seg/Kvasir-SEG/masks/cju6yxyt0wh080871sqpepu47.jpg,cju6yxyt0wh080871sqpepu47,test,Kvasir-SEG,endoscopic polyp
104,/kaggle/input/datasets/abdallahwagih/kvasir-dataset-for-classification-and-segmentation/kvasir-seg/Kvasir-SEG/images/cju6z600qwh4z081700qimgl9.jpg,/kaggle/input/datasets/abdallahwagih/kvasir-dataset-for-classification-and-segmentation/kvasir-seg/Kvasir-SEG/masks/cju6z600qwh4z081700qimgl9.jpg,cju6z600qwh4z081700qimgl9,test,Kvasir-SEG,endoscopic polyp
105,/kaggle/input/datasets/abdallahwagih/kvasir-dataset-for-classification-and-segmentation/kvasir-seg/Kvasir-SEG/images/cju76l27oyrw907551ri2a7fl.jpg,/kaggle/input/datasets/abdallahwagih/kvasir-dataset-for-classification-and-segmentation/kvasir-seg/Kvasir-SEG/masks/cju76l27oyrw907551ri2a7fl.jpg,cju76l27oyrw907551ri2a7fl,test,Kvasir-SEG,endoscopic polyp
106,/kaggle/input/datasets/abdallahwagih/kvasir-dataset-for-classification-and-segmentation/kvasir-seg/Kvasir-SEG/images/cju772304yw5t0818vbw8kkjf.jpg,/kaggle/input/datasets/abdallahwagih/kvasir-dataset-for-classification-and-segmentation/kvasir-seg/Kvasir-SEG/masks/cju772304yw5t0818vbw8kkjf.jpg,cju772304yw5t0818vbw8kkjf,test,Kvasir-SEG,endoscopic polyp
107,/kaggle/input/datasets/abdallahwagih/kvasir-dataset-for-classification-and-segmentation/kvasir-seg/Kvasir-SEG/images/cju7ae7bq1f820987toc8si1d.jpg,/kaggle/input/datasets/abdallahwagih/kvasir-dataset-for-classification-and-segmentation/kvasir-seg/Kvasir-SEG/masks/cju7ae7bq1f820987toc8si1d.jpg,cju7ae7bq1f820987toc8si1d,test,Kvasir-SEG,endoscopic polyp
108,/kaggle/input/datasets/abdallahwagih/kvasir-dataset-for-classification-and-segmentation/kvasir-seg/Kvasir-SEG/images/cju7alcgr1lsr0871riqk84z7.jpg,/kaggle/input/datasets/abdallahwagih/kvasir-dataset-for-classification-and-segmentation/kvasir-seg/Kvasir-SEG/masks/cju7alcgr1lsr0871riqk84z7.jpg,cju7alcgr1lsr0871riqk84z7,test,Kvasir-SEG,endoscopic polyp
109,/kaggle/input/datasets/abdallahwagih/kvasir-dataset-for-classification-and-segmentation/kvasir-seg/Kvasir-SEG/images/cju7amjna1ly40871ugiokehb.jpg,/kaggle/input/datasets/abdallahwagih/kvasir-dataset-for-classification-and-segmentation/kvasir-seg/Kvasir-SEG/masks/cju7amjna1ly40871ugiokehb.jpg,cju7amjna1ly40871ugiokehb,test,Kvasir-SEG,endoscopic polyp
110,/kaggle/input/datasets/abdallahwagih/kvasir-dataset-for-classification-and-segmentation/kvasir-seg/Kvasir-SEG/images/cju7bb3ss1uoo0755pmhyco7t.jpg,/kaggle/input/datasets/abdallahwagih/kvasir-dataset-for-classification-and-segmentation/kvasir-seg/Kvasir-SEG/masks/cju7bb3ss1uoo0755pmhyco7t.jpg,cju7bb3ss1uoo0755pmhyco7t,test,Kvasir-SEG,endoscopic polyp
111,/kaggle/input/datasets/abdallahwagih/kvasir-dataset-for-classification-and-segmentation/kvasir-seg/Kvasir-SEG/images/cju7bd1qu1mx409877xjxibox.jpg,/kaggle/input/datasets/abdallahwagih/kvasir-dataset-for-classification-and-segmentation/kvasir-seg/Kvasir-SEG/masks/cju7bd1qu1mx409877xjxibox.jpg,cju7bd1qu1mx409877xjxibox,test,Kvasir-SEG,endoscopic polyp
112,/kaggle/input/datasets/abdallahwagih/kvasir-dataset-for-classification-and-segmentation/kvasir-seg/Kvasir-SEG/images/cju7ctvqn25dy08186g442m1r.jpg,/kaggle/input/datasets/abdallahwagih/kvasir-dataset-for-classification-and-segmentation/kvasir-seg/Kvasir-SEG/masks/cju7ctvqn25dy08186g442m1r.jpg,cju7ctvqn25dy08186g442m1r,test,Kvasir-SEG,endoscopic polyp
113,/kaggle/input/datasets/abdallahwagih/kvasir-dataset-for-classification-and-segmentation/kvasir-seg/Kvasir-SEG/images/cju7d6ux323ze0987xos3srkx.jpg,/kaggle/input/datasets/abdallahwagih/kvasir-dataset-for-classification-and-segmentation/kvasir-seg/Kvasir-SEG/masks/cju7d6ux323ze0987xos3srkx.jpg,cju7d6ux323ze0987xos3srkx,test,Kvasir-SEG,endoscopic polyp
114,/kaggle/input/datasets/abdallahwagih/kvasir-dataset-for-classification-and-segmentation/kvasir-seg/Kvasir-SEG/images/cju7dbppn28nx085097654msi.jpg,/kaggle/input/datasets/abdallahwagih/kvasir-dataset-for-classification-and-segmentation/kvasir-seg/Kvasir-SEG/masks/cju7dbppn28nx085097654msi.jpg,cju7dbppn28nx085097654msi,test,Kvasir-SEG,endoscopic polyp
115,/kaggle/input/datasets/abdallahwagih/kvasir-dataset-for-classification-and-segmentation/kvasir-seg/Kvasir-SEG/images/cju7ea4om2l910801bohqjccy.jpg,/kaggle/input/datasets/abdallahwagih/kvasir-dataset-for-classification-and-segmentation/kvasir-seg/Kvasir-SEG/masks/cju7ea4om2l910801bohqjccy.jpg,cju7ea4om2l910801bohqjccy,test,Kvasir-SEG,endoscopic polyp
116,/kaggle/input/datasets/abdallahwagih/kvasir-dataset-for-classification-and-segmentation/kvasir-seg/Kvasir-SEG/images/cju7eea9b2m0z0801ynqv1fqu.jpg,/kaggle/input/datasets/abdallahwagih/kvasir-dataset-for-classification-and-segmentation/kvasir-seg/Kvasir-SEG/masks/cju7eea9b2m0z0801ynqv1fqu.jpg,cju7eea9b2m0z0801ynqv1fqu,test,Kvasir-SEG,endoscopic polyp
117,/kaggle/input/datasets/abdallahwagih/kvasir-dataset-for-classification-and-segmentation/kvasir-seg/Kvasir-SEG/images/cju7emdni2py40871ivhxjtut.jpg,/kaggle/input/datasets/abdallahwagih/kvasir-dataset-for-classification-and-segmentation/kvasir-seg/Kvasir-SEG/masks/cju7emdni2py40871ivhxjtut.jpg,cju7emdni2py40871ivhxjtut,test,Kvasir-SEG,endoscopic polyp
118,/kaggle/input/datasets/abdallahwagih/kvasir-dataset-for-classification-and-segmentation/kvasir-seg/Kvasir-SEG/images/cju7eotqi2qea0871y8yc7tqh.jpg,/kaggle/input/datasets/abdallahwagih/kvasir-dataset-for-classification-and-segmentation/kvasir-seg/Kvasir-SEG/masks/cju7eotqi2qea0871y8yc7tqh.jpg,cju7eotqi2qea0871y8yc7tqh,test,Kvasir-SEG,endoscopic polyp
119,/kaggle/input/datasets/abdallahwagih/kvasir-dataset-for-classification-and-segmentation/kvasir-seg/Kvasir-SEG/images/cju7evxt12m730987rxivne3x.jpg,/kaggle/input/datasets/abdallahwagih/kvasir-dataset-for-classification-and-segmentation/kvasir-seg/Kvasir-SEG/masks/cju7evxt12m730987rxivne3x.jpg,cju7evxt12m730987rxivne3x,test,Kvasir-SEG,endoscopic polyp
120,/kaggle/input/datasets/abdallahwagih/kvasir-dataset-for-classification-and-segmentation/kvasir-seg/Kvasir-SEG/images/cju7fazv92ywx0755xov2erga.jpg,/kaggle/input/datasets/abdallahwagih/kvasir-dataset-for-classification-and-segmentation/kvasir-seg/Kvasir-SEG/masks/cju7fazv92ywx0755xov2erga.jpg,cju7fazv92ywx0755xov2erga,test,Kvasir-SEG,endoscopic polyp
121,/kaggle/input/datasets/abdallahwagih/kvasir-dataset-for-classification-and-segmentation/kvasir-seg/Kvasir-SEG/images/cju7flevb2wii08188otgs9p2.jpg,/kaggle/input/datasets/abdallahwagih/kvasir-dataset-for-classification-and-segmentation/kvasir-seg/Kvasir-SEG/masks/cju7flevb2wii08188otgs9p2.jpg,cju7flevb2wii08188otgs9p2,test,Kvasir-SEG,endoscopic polyp
122,/kaggle/input/datasets/abdallahwagih/kvasir-dataset-for-classification-and-segmentation/kvasir-seg/Kvasir-SEG/images/cju7fmvpk2q170987v6i3ola8.jpg,/kaggle/input/datasets/abdallahwagih/kvasir-dataset-for-classification-and-segmentation/kvasir-seg/Kvasir-SEG/masks/cju7fmvpk2q170987v6i3ola8.jpg,cju7fmvpk2q170987v6i3ola8,test,Kvasir-SEG,endoscopic polyp
123,/kaggle/input/datasets/abdallahwagih/kvasir-dataset-for-classification-and-segmentation/kvasir-seg/Kvasir-SEG/images/cju84jdl9kv0i0871eog9b3i9.jpg,/kaggle/input/datasets/abdallahwagih/kvasir-dataset-for-classification-and-segmentation/kvasir-seg/Kvasir-SEG/masks/cju84jdl9kv0i0871eog9b3i9.jpg,cju84jdl9kv0i0871eog9b3i9,test,Kvasir-SEG,endoscopic polyp
124,/kaggle/input/datasets/abdallahwagih/kvasir-dataset-for-classification-and-segmentation/kvasir-seg/Kvasir-SEG/images/cju8567gdlcbq0801dwwyo2jt.jpg,/kaggle/input/datasets/abdallahwagih/kvasir-dataset-for-classification-and-segmentation/kvasir-seg/Kvasir-SEG/masks/cju8567gdlcbq0801dwwyo2jt.jpg,cju8567gdlcbq0801dwwyo2jt,test,Kvasir-SEG,endoscopic polyp
125,/kaggle/input/datasets/abdallahwagih/kvasir-dataset-for-classification-and-segmentation/kvasir-seg/Kvasir-SEG/images/cju85ia1slh220987y7c20sm2.jpg,/kaggle/input/datasets/abdallahwagih/kvasir-dataset-for-classification-and-segmentation/kvasir-seg/Kvasir-SEG/masks/cju85ia1slh220987y7c20sm2.jpg,cju85ia1slh220987y7c20sm2,test,Kvasir-SEG,endoscopic polyp
126,/kaggle/input/datasets/abdallahwagih/kvasir-dataset-for-classification-and-segmentation/kvasir-seg/Kvasir-SEG/images/cju85mpuglq8k0818d2it6hzb.jpg,/kaggle/input/datasets/abdallahwagih/kvasir-dataset-for-classification-and-segmentation/kvasir-seg/Kvasir-SEG/masks/cju85mpuglq8k0818d2it6hzb.jpg,cju85mpuglq8k0818d2it6hzb,test,Kvasir-SEG,endoscopic polyp
127,/kaggle/input/datasets/abdallahwagih/kvasir-dataset-for-classification-and-segmentation/kvasir-seg/Kvasir-SEG/images/cju87li0zn3yb0817kbwgjiz8.jpg,/kaggle/input/datasets/abdallahwagih/kvasir-dataset-for-classification-and-segmentation/kvasir-seg/Kvasir-SEG/masks/cju87li0zn3yb0817kbwgjiz8.jpg,cju87li0zn3yb0817kbwgjiz8,test,Kvasir-SEG,endoscopic polyp
128,/kaggle/input/datasets/abdallahwagih/kvasir-dataset-for-classification-and-segmentation/kvasir-seg/Kvasir-SEG/images/cju88k75inzyb0850ccv5x3vk.jpg,/kaggle/input/datasets/abdallahwagih/kvasir-dataset-for-classification-and-segmentation/kvasir-seg/Kvasir-SEG/masks/cju88k75inzyb0850ccv5x3vk.jpg,cju88k75inzyb0850ccv5x3vk,test,Kvasir-SEG,endoscopic polyp
129,/kaggle/input/datasets/abdallahwagih/kvasir-dataset-for-classification-and-segmentation/kvasir-seg/Kvasir-SEG/images/cju88nroho44508500129f1nh.jpg,/kaggle/input/datasets/abdallahwagih/kvasir-dataset-for-classification-and-segmentation/kvasir-seg/Kvasir-SEG/masks/cju88nroho44508500129f1nh.jpg,cju88nroho44508500129f1nh,test,Kvasir-SEG,endoscopic polyp
130,/kaggle/input/datasets/abdallahwagih/kvasir-dataset-for-classification-and-segmentation/kvasir-seg/Kvasir-SEG/images/cju890guyoiti098753yg6cdu.jpg,/kaggle/input/datasets/abdallahwagih/kvasir-dataset-for-classification-and-segmentation/kvasir-seg/Kvasir-SEG/masks/cju890guyoiti098753yg6cdu.jpg,cju890guyoiti098753yg6cdu,test,Kvasir-SEG,endoscopic polyp
131,/kaggle/input/datasets/abdallahwagih/kvasir-dataset-for-classification-and-segmentation/kvasir-seg/Kvasir-SEG/images/cju8914beokbf0850isxpocrk.jpg,/kaggle/input/datasets/abdallahwagih/kvasir-dataset-for-classification-and-segmentation/kvasir-seg/Kvasir-SEG/masks/cju8914beokbf0850isxpocrk.jpg,cju8914beokbf0850isxpocrk,test,Kvasir-SEG,endoscopic polyp
132,/kaggle/input/datasets/abdallahwagih/kvasir-dataset-for-classification-and-segmentation/kvasir-seg/Kvasir-SEG/images/cju8abobpqbir08189u01huru.jpg,/kaggle/input/datasets/abdallahwagih/kvasir-dataset-for-classification-and-segmentation/kvasir-seg/Kvasir-SEG/masks/cju8abobpqbir08189u01huru.jpg,cju8abobpqbir08189u01huru,test,Kvasir-SEG,endoscopic polyp
133,/kaggle/input/datasets/abdallahwagih/kvasir-dataset-for-classification-and-segmentation/kvasir-seg/Kvasir-SEG/images/cju8adb60qbiu080188mxpf8d.jpg,/kaggle/input/datasets/abdallahwagih/kvasir-dataset-for-classification-and-segmentation/kvasir-seg/Kvasir-SEG/masks/cju8adb60qbiu080188mxpf8d.jpg,cju8adb60qbiu080188mxpf8d,test,Kvasir-SEG,endoscopic polyp
134,/kaggle/input/datasets/abdallahwagih/kvasir-dataset-for-classification-and-segmentation/kvasir-seg/Kvasir-SEG/images/cju8amfdtqi4x09871tygrgqe.jpg,/kaggle/input/datasets/abdallahwagih/kvasir-dataset-for-classification-and-segmentation/kvasir-seg/Kvasir-SEG/masks/cju8amfdtqi4x09871tygrgqe.jpg,cju8amfdtqi4x09871tygrgqe,test,Kvasir-SEG,endoscopic polyp
135,/kaggle/input/datasets/abdallahwagih/kvasir-dataset-for-classification-and-segmentation/kvasir-seg/Kvasir-SEG/images/cju8ando2qqdo0818ck7i1be1.jpg,/kaggle/input/datasets/abdallahwagih/kvasir-dataset-for-classification-and-segmentation/kvasir-seg/Kvasir-SEG/masks/cju8ando2qqdo0818ck7i1be1.jpg,cju8ando2qqdo0818ck7i1be1,test,Kvasir-SEG,endoscopic polyp
136,/kaggle/input/datasets/abdallahwagih/kvasir-dataset-for-classification-and-segmentation/kvasir-seg/Kvasir-SEG/images/cju8b4ja9r2s808509d45ma86.jpg,/kaggle/input/datasets/abdallahwagih/kvasir-dataset-for-classification-and-segmentation/kvasir-seg/Kvasir-SEG/masks/cju8b4ja9r2s808509d45ma86.jpg,cju8b4ja9r2s808509d45ma86,test,Kvasir-SEG,endoscopic polyp
137,/kaggle/input/datasets/abdallahwagih/kvasir-dataset-for-classification-and-segmentation/kvasir-seg/Kvasir-SEG/images/cju8b5p40r2c60987ofa0mu03.jpg,/kaggle/input/datasets/abdallahwagih/kvasir-dataset-for-classification-and-segmentation/kvasir-seg/Kvasir-SEG/masks/cju8b5p40r2c60987ofa0mu03.jpg,cju8b5p40r2c60987ofa0mu03,test,Kvasir-SEG,endoscopic polyp
138,/kaggle/input/datasets/abdallahwagih/kvasir-dataset-for-classification-and-segmentation/kvasir-seg/Kvasir-SEG/images/cju8bgdmqrksy0801tozdmraa.jpg,/kaggle/input/datasets/abdallahwagih/kvasir-dataset-for-classification-and-segmentation/kvasir-seg/Kvasir-SEG/masks/cju8bgdmqrksy0801tozdmraa.jpg,cju8bgdmqrksy0801tozdmraa,test,Kvasir-SEG,endoscopic polyp
139,/kaggle/input/datasets/abdallahwagih/kvasir-dataset-for-classification-and-segmentation/kvasir-seg/Kvasir-SEG/images/cju8bk8oirjhw0817hgkua2w8.jpg,/kaggle/input/datasets/abdallahwagih/kvasir-dataset-for-classification-and-segmentation/kvasir-seg/Kvasir-SEG/masks/cju8bk8oirjhw0817hgkua2w8.jpg,cju8bk8oirjhw0817hgkua2w8,test,Kvasir-SEG,endoscopic polyp
140,/kaggle/input/datasets/abdallahwagih/kvasir-dataset-for-classification-and-segmentation/kvasir-seg/Kvasir-SEG/images/cju8bm24yrrdp081829mbo8ic.jpg,/kaggle/input/datasets/abdallahwagih/kvasir-dataset-for-classification-and-segmentation/kvasir-seg/Kvasir-SEG/masks/cju8bm24yrrdp081829mbo8ic.jpg,cju8bm24yrrdp081829mbo8ic,test,Kvasir-SEG,endoscopic polyp
141,/kaggle/input/datasets/abdallahwagih/kvasir-dataset-for-classification-and-segmentation/kvasir-seg/Kvasir-SEG/images/cju8buos5rz9b08715lfr0f4f.jpg,/kaggle/input/datasets/abdallahwagih/kvasir-dataset-for-classification-and-segmentation/kvasir-seg/Kvasir-SEG/masks/cju8buos5rz9b08715lfr0f4f.jpg,cju8buos5rz9b08715lfr0f4f,test,Kvasir-SEG,endoscopic polyp
142,/kaggle/input/datasets/abdallahwagih/kvasir-dataset-for-classification-and-segmentation/kvasir-seg/Kvasir-SEG/images/cju8bw697rwg308177tg8huas.jpg,/kaggle/input/datasets/abdallahwagih/kvasir-dataset-for-classification-and-segmentation/kvasir-seg/Kvasir-SEG/masks/cju8bw697rwg308177tg8huas.jpg,cju8bw697rwg308177tg8huas,test,Kvasir-SEG,endoscopic polyp
143,/kaggle/input/datasets/abdallahwagih/kvasir-dataset-for-classification-and-segmentation/kvasir-seg/Kvasir-SEG/images/cju8c5mxls96t0850wvkvsity.jpg,/kaggle/input/datasets/abdallahwagih/kvasir-dataset-for-classification-and-segmentation/kvasir-seg/Kvasir-SEG/masks/cju8c5mxls96t0850wvkvsity.jpg,cju8c5mxls96t0850wvkvsity,test,Kvasir-SEG,endoscopic polyp
144,/kaggle/input/datasets/abdallahwagih/kvasir-dataset-for-classification-and-segmentation/kvasir-seg/Kvasir-SEG/images/cju8c82iosagu0817l74s4m5g.jpg,/kaggle/input/datasets/abdallahwagih/kvasir-dataset-for-classification-and-segmentation/kvasir-seg/Kvasir-SEG/masks/cju8c82iosagu0817l74s4m5g.jpg,cju8c82iosagu0817l74s4m5g,test,Kvasir-SEG,endoscopic polyp
145,/kaggle/input/datasets/abdallahwagih/kvasir-dataset-for-classification-and-segmentation/kvasir-seg/Kvasir-SEG/images/cju8c9akjsdjj0850s67uzlxq.jpg,/kaggle/input/datasets/abdallahwagih/kvasir-dataset-for-classification-and-segmentation/kvasir-seg/Kvasir-SEG/masks/cju8c9akjsdjj0850s67uzlxq.jpg,cju8c9akjsdjj0850s67uzlxq,test,Kvasir-SEG,endoscopic polyp
146,/kaggle/input/datasets/abdallahwagih/kvasir-dataset-for-classification-and-segmentation/kvasir-seg/Kvasir-SEG/images/cju8cdeazsm8h0801jxifmzur.jpg,/kaggle/input/datasets/abdallahwagih/kvasir-dataset-for-classification-and-segmentation/kvasir-seg/Kvasir-SEG/masks/cju8cdeazsm8h0801jxifmzur.jpg,cju8cdeazsm8h0801jxifmzur,test,Kvasir-SEG,endoscopic polyp
147,/kaggle/input/datasets/abdallahwagih/kvasir-dataset-for-classification-and-segmentation/kvasir-seg/Kvasir-SEG/images/cju8cgi2kspp308011nxdtjp6.jpg,/kaggle/input/datasets/abdallahwagih/kvasir-dataset-for-classification-and-segmentation/kvasir-seg/Kvasir-SEG/masks/cju8cgi2kspp308011nxdtjp6.jpg,cju8cgi2kspp308011nxdtjp6,test,Kvasir-SEG,endoscopic polyp
148,/kaggle/input/datasets/abdallahwagih/kvasir-dataset-for-classification-and-segmentation/kvasir-seg/Kvasir-SEG/images/cju8chdlqsu620755azjty1tj.jpg,/kaggle/input/datasets/abdallahwagih/kvasir-dataset-for-classification-and-segmentation/kvasir-seg/Kvasir-SEG/masks/cju8chdlqsu620755azjty1tj.jpg,cju8chdlqsu620755azjty1tj,test,Kvasir-SEG,endoscopic polyp
149,/kaggle/input/datasets/abdallahwagih/kvasir-dataset-for-classification-and-segmentation/kvasir-seg/Kvasir-SEG/images/cju8dk7eztzup08182yxko5zh.jpg,/kaggle/input/datasets/abdallahwagih/kvasir-dataset-for-classification-and-segmentation/kvasir-seg/Kvasir-SEG/masks/cju8dk7eztzup08182yxko5zh.jpg,cju8dk7eztzup08182yxko5zh,test,Kvasir-SEG,endoscopic polyp
